{
    "rmse": 0.697294514573121,
    "mae": 0.5543420837983759,
    "r2": 0.23562389552937535
}