{
    "Train_score": 27.195506085316634,
    "Test_score": 23.562389552937535
}